uid,sid,topIDorder,subtopIDorder,conIDorder,taskDone,conDone,signedConsent,signedDate
1,A3JI3B5GTVA95F,01#,,1#2#3#1#2#3#1#2#3#1#2#3#,0,3,TRUE,9/4/15 11:37
2,AEMVJDGAX3GJF,,,,0,0,TRUE,9/4/15 11:40
3,A3R25SV8HUGML2,,,,0,0,TRUE,9/4/15 11:42
4,A33QI63NVR8CUO,01#,,1#3#2#1#3#2#1#3#2#1#3#2#,0,2,TRUE,9/4/15 11:45
5,A2O5OJXCUFQ3FV,,,,0,0,TRUE,9/4/15 11:55
6,A19TL7AJ0FB1JG,,,,0,0,TRUE,9/4/15 11:55
7,A3V70AZ39FPZ5V,,,,0,0,TRUE,9/4/15 12:19
8,A2KITNCSG5SI5F,01#,,2#3#1#2#3#1#2#3#1#2#3#1#,0,3,TRUE,9/4/15 12:20
9,A2LU259QPV1I4V,,,,0,0,TRUE,9/4/15 12:20
10,A5EU1AQJNC7F2,,,,0,0,TRUE,9/4/15 12:23
11,A21QMMJHOSG779,01#,,2#1#3#2#1#3#2#1#3#2#1#3#,0,0,TRUE,9/4/15 12:24
12,A11S8IAAVDXCUS,,,,0,0,TRUE,9/4/15 12:27
13,A1DU31H88K9ZTP,,,,0,0,TRUE,9/4/15 12:27
14,A361EVMLK9O0G1,01#,,2#3#1#2#3#1#2#3#1#2#3#1#,0,3,TRUE,9/4/15 12:33
15,A2P44QU8NYNKGR,,,,0,0,TRUE,9/4/15 12:44
16,A3KSOAD08L2DGK,,,,0,0,TRUE,9/4/15 12:44
17,A2O5OJXCUFQ3FV,,,,0,0,TRUE,9/4/15 12:58
18,A14WLAP6TCEKO0,01#,,3#2#1#3#2#1#3#2#1#3#2#1#,0,3,TRUE,9/4/15 13:07
19,A2IZV60GJFB7IB,01#,,1#2#3#1#2#3#1#2#3#1#2#3#,0,0,TRUE,9/4/15 13:17
20,A2K0EJWS4JV52T,01#,,2#3#1#2#3#1#2#3#1#2#3#1#,0,3,TRUE,9/4/15 13:24
21,A3LDNYF163XZI6,,,,0,0,TRUE,9/4/15 13:30
22,A37S72JHDSZJY9,01#,,1#3#2#1#3#2#1#3#2#1#3#2#,0,0,TRUE,9/4/15 13:31
23,A90JBLDKW71DX,01#,,2#1#3#2#1#3#2#1#3#2#1#3#,0,1,TRUE,9/4/15 13:34
24,A9L9G563HS81X,01#,,3#2#1#3#2#1#3#2#1#3#2#1#,0,2,TRUE,9/4/15 13:40
25,A2RYN1S6OSO9KX,01#,,1#2#3#1#2#3#1#2#3#1#2#3#,0,4,TRUE,9/4/15 13:48
26,A2O5OJXCUFQ3FV,01#,,2#3#1#2#3#1#2#3#1#2#3#1#,0,2,TRUE,9/4/15 14:06
27,A14W0AXTJ3R19V,01#,,3#1#2#3#1#2#3#1#2#3#1#2#,0,0,TRUE,9/4/15 14:39
28,A19C4VNUIIRCPD,01#,,1#3#2#1#3#2#1#3#2#1#3#2#,0,3,TRUE,9/4/15 14:57
29,A35P8YSNTQ7OTP,,,,0,0,TRUE,9/4/15 14:57
30,A2E0FOTFTVWZ7T,01#,,3#2#1#3#2#1#3#2#1#3#2#1#,0,3,TRUE,9/4/15 14:57
31,A1I7XL4VK40KOD,01#,,1#2#3#1#2#3#1#2#3#1#2#3#,0,3,TRUE,9/4/15 14:59
32,AU2C0Q45DVGJO,,,,0,0,TRUE,9/4/15 14:59
33,A2H1QUGX0SOUMH,,,,0,0,TRUE,9/4/15 15:00
34,AS1QMPXIT1EGX,,,,0,0,TRUE,9/4/15 15:06
35,A2SENAPNSXG9L,,,,0,0,TRUE,9/4/15 15:08
36,A3E9A9O3CLMEW,,,,0,0,TRUE,9/4/15 15:09
37,A3NGG3QTB0WINC,01#,,1#2#3#1#2#3#1#2#3#1#2#3#,0,3,TRUE,9/4/15 15:13
38,A1N54C8VTUX1CF,01#,,2#3#1#2#3#1#2#3#1#2#3#1#,0,1,TRUE,9/4/15 15:21
39,http://web.engr.illinois.edu/~cchin6/textsearch1/,01#,,3#1#2#3#1#2#3#1#2#3#1#2#,0,2,TRUE,9/4/15 15:52
40,A26KCHVCWDXX38,,,,0,0,TRUE,9/4/15 15:59
41,AKM7BAAH9OPGW,01#,,2#1#3#2#1#3#2#1#3#2#1#3#,0,2,TRUE,9/4/15 16:12
42,A3QPK62R3V08FA,,,,0,0,TRUE,9/4/15 16:16
43,A1VZSFHTU51JP0,,,,0,0,TRUE,9/4/15 16:16
44,A4E1UYPDHE8D8,,,,0,0,TRUE,9/4/15 16:24
45,A3GJ2E1A1H5DM7,01#,,3#1#2#3#1#2#3#1#2#3#1#2#,0,2,TRUE,9/4/15 16:26
46,A1OU9O4WETRJBL,,,,0,0,TRUE,9/4/15 16:31
47,A2MCWAOOZ5OF37,01#,,2#1#3#2#1#3#2#1#3#2#1#3#,0,0,TRUE,9/4/15 16:34
48,A3VMCKYN22X0CO,01#,,3#2#1#3#2#1#3#2#1#3#2#1#,0,2,TRUE,9/4/15 16:35
49,A6bixtwmyhywq,,,,0,0,TRUE,9/4/15 16:38
50,A2O4D0WJS54KCO,,,,0,0,TRUE,9/4/15 16:51
51,A2FSO42T7M8MFY,01#,,3#1#2#3#1#2#3#1#2#3#1#2#,0,3,TRUE,9/4/15 16:52
52,ACY779V092XNJ,,,,0,0,TRUE,9/4/15 16:52
53,A1QOCQW43OSMD3,01#,,2#1#3#2#1#3#2#1#3#2#1#3#,0,3,TRUE,9/4/15 16:52
54,A3GR2PCJPT0S6U,01#,,3#2#1#3#2#1#3#2#1#3#2#1#,0,2,TRUE,9/4/15 16:55
55,A26RO8GGTQAXGG,01#,,1#2#3#1#2#3#1#2#3#1#2#3#,0,3,TRUE,9/4/15 16:56
56,A3NC6Y4IZQDKMF,,,,0,0,TRUE,9/4/15 16:56
57,A6660NMTNCKCH,01#,,3#1#2#3#1#2#3#1#2#3#1#2#,0,3,TRUE,9/4/15 17:00
58,A2S3MXU8T2I5H0,,,,0,0,TRUE,9/4/15 17:00
59,A1YBUA89N9CV2N,,,,0,0,TRUE,9/4/15 17:01
60,A22TE376N0MEH,01#,,3#2#1#3#2#1#3#2#1#3#2#1#,0,3,TRUE,9/4/15 17:06
61,A2H74STYH3PLT1,,,,0,0,TRUE,9/4/15 17:17
62,A1OZPLHNIU1519,01#,,2#3#1#2#3#1#2#3#1#2#3#1#,0,0,TRUE,9/4/15 17:20
63,A29JSP8G8VTRT4,,,,0,0,TRUE,9/4/15 17:25
64,A2AOBW5F65D5D,01#,,1#3#2#1#3#2#1#3#2#1#3#2#,0,0,TRUE,9/4/15 17:26
65,A128BUMKWWS54Z,01#,,2#1#3#2#1#3#2#1#3#2#1#3#,0,3,TRUE,9/4/15 17:27
66,A2TACC8H6KB8R7,,,,0,0,TRUE,9/4/15 17:27
67,A2H74STYH3PLT1,01#,,1#2#3#1#2#3#1#2#3#1#2#3#,0,3,TRUE,9/4/15 17:27
68,A2QVJHKCKODQO6,01#,,2#3#1#2#3#1#2#3#1#2#3#1#,0,1,TRUE,9/4/15 17:29
69,ASEVVRRYCFJH1,,,,0,0,TRUE,9/4/15 17:29
70,A23ZYWM2WHJI2M,,,,0,0,TRUE,9/4/15 17:32
71,A8MBISMEGYCA4,01#,,2#1#3#2#1#3#2#1#3#2#1#3#,0,3,TRUE,9/4/15 17:32
72,A66GVEZ7BBLH,,,,0,0,TRUE,9/4/15 17:32
73,A27JZQQ5Y1I8RL,01#,,1#2#3#1#2#3#1#2#3#1#2#3#,0,2,TRUE,9/4/15 17:32
74,A18WPTVQPM9LBH,01#,,2#3#1#2#3#1#2#3#1#2#3#1#,0,3,TRUE,9/4/15 17:40
75,A3G4SJREB8K0BG,,,,0,0,TRUE,9/4/15 17:40
76,A1G78HGS5KTDK9,,,,0,0,TRUE,9/4/15 17:42
77,A2V8WP19CYR0H3,,,,0,0,TRUE,9/4/15 17:47
78,A14HW0XMI4R2ON,01#,,3#2#1#3#2#1#3#2#1#3#2#1#,0,3,TRUE,9/4/15 17:50
79,A36DDHDQ56N60C,,,,0,0,TRUE,9/4/15 17:51
80,A36DDHDQ56N60C,01#,,2#3#1#2#3#1#2#3#1#2#3#1#,0,3,TRUE,9/4/15 17:53
81,A66GVEZ7BBLH,01#,,3#1#2#3#1#2#3#1#2#3#1#2#,0,2,TRUE,9/4/15 17:53
82,A1LR1VZBKTV4Y1,01#,,1#3#2#1#3#2#1#3#2#1#3#2#,0,3,TRUE,9/4/15 17:55
83,A3F46WBVY3EL79,,,,0,0,TRUE,9/4/15 17:58
84,AVZWILVYCMUQF,,,,0,0,TRUE,9/4/15 18:00
85,A1U6A617Q95MTZ,,,,0,0,TRUE,9/4/15 18:23
86,A1U6A617Q95MTZ,01#,,2#3#1#2#3#1#2#3#1#2#3#1#,0,2,TRUE,9/4/15 18:27
87,A167SYXGXFU7C8,01#,,3#1#2#3#1#2#3#1#2#3#1#2#,0,3,TRUE,9/4/15 18:29
88,A3GWGTLQNHVQ2M,01#,,1#3#2#1#3#2#1#3#2#1#3#2#,0,3,TRUE,9/4/15 18:49
89,A2BNWPI0NDI7K7,,,,0,0,TRUE,9/4/15 18:50
90,A35383F78OFV4B,01#,,3#2#1#3#2#1#3#2#1#3#2#1#,0,3,TRUE,9/4/15 18:56
91,A1VJAEPNA6YARO,01#,,1#2#3#1#2#3#1#2#3#1#2#3#,0,3,TRUE,9/4/15 19:10
92,A77K8W55MJEKX,01#,,2#3#1#2#3#1#2#3#1#2#3#1#,0,2,TRUE,9/4/15 19:11
93,A1O67YS3DU0ZHX,01#,,3#1#2#3#1#2#3#1#2#3#1#2#,0,3,TRUE,9/4/15 19:23
94,A98XHW6B1VSSQ,01#,,1#3#2#1#3#2#1#3#2#1#3#2#,0,3,TRUE,9/4/15 19:25
95,A3YK5HVZJE39K,,,,0,0,TRUE,9/4/15 20:02
96,A34QZDSTKZ3JO9,01#,,3#2#1#3#2#1#3#2#1#3#2#1#,0,0,TRUE,9/4/15 20:04
97,A15K0L6NGQXOM0,,,,0,0,TRUE,9/4/15 20:10
98,A3UOH4UMWWV216,01#,,2#3#1#2#3#1#2#3#1#2#3#1#,0,3,TRUE,9/4/15 20:20
99,A224B7BAQ0MZSN,01#,,3#1#2#3#1#2#3#1#2#3#1#2#,0,3,TRUE,9/4/15 20:21
100,A1JL8N1PWIFDH2,,,,0,0,TRUE,9/4/15 20:30
101,A1MW350A7ECNSJ,,,,0,0,TRUE,9/4/15 20:42
102,A2C39KTRMOM1XZ,01#,,3#2#1#3#2#1#3#2#1#3#2#1#,0,3,TRUE,9/4/15 20:53
103,A3OIEKTBY0IEME,,,,0,0,TRUE,9/4/15 21:29
104,AR4DJB62YRYF3,01#,,2#3#1#2#3#1#2#3#1#2#3#1#,0,0,TRUE,9/4/15 21:31
105,A1VGZ2K3HF66TE,,,,0,0,TRUE,9/4/15 21:32
106,ATADQXPHL10Y8,01#,,1#3#2#1#3#2#1#3#2#1#3#2#,0,3,TRUE,9/4/15 21:33
107,A1U4BGCXUPH8Z2,01#,,2#1#3#2#1#3#2#1#3#2#1#3#,0,2,TRUE,9/4/15 21:36
108,A2L9O81ACCOLMX,01#,,3#2#1#3#2#1#3#2#1#3#2#1#,0,1,TRUE,9/4/15 21:36
109,A1AVB030QDFWCE,01#,,1#2#3#1#2#3#1#2#3#1#2#3#,0,3,TRUE,9/4/15 21:36
110,A2Q1JUSJ9THUDZ,01#,,2#3#1#2#3#1#2#3#1#2#3#1#,0,0,TRUE,9/4/15 21:38
111,AD4ALUT6LXXBU,,,,0,0,TRUE,9/4/15 21:41
112,A2ULFQIDMMWNC6,,,,0,0,TRUE,9/4/15 21:45
113,A2VCYGKWQRVMPO,,,,0,0,TRUE,9/4/15 21:46
114,A2698HJZM7SE4C,01#,,3#2#1#3#2#1#3#2#1#3#2#1#,0,3,TRUE,9/4/15 21:49
115,A31IRJX7E2S03H,,,,0,0,TRUE,9/4/15 22:00
116,AK0Y6OITL7VGX,01#,,2#3#1#2#3#1#2#3#1#2#3#1#,0,0,TRUE,9/4/15 22:03
117,A31IRJX7E2S03H,,,,0,0,TRUE,9/4/15 22:05
118,A2NT8U7GSYGISJ,,,,0,0,TRUE,9/4/15 22:06
119,A2DPD0ZZQ437JD,,,,0,0,TRUE,9/4/15 22:07
120,A4ZW4GNQ98HV6,01#,,3#2#1#3#2#1#3#2#1#3#2#1#,0,3,TRUE,9/4/15 22:08
121,A3BHRFFG75X3GO,01#,,1#2#3#1#2#3#1#2#3#1#2#3#,0,3,TRUE,9/4/15 22:15
122,A39RGARQZH9C9J,,,,0,0,TRUE,9/4/15 22:19
123,A36M4IFAK3R74C,,,,0,0,TRUE,9/4/15 22:19
124,A24L9F9PD7ADP7,,,,0,0,TRUE,9/4/15 22:21
125,A2WYXS94418JXA,01#,,2#1#3#2#1#3#2#1#3#2#1#3#,0,3,TRUE,9/4/15 22:30
126,A2AW0DEZLCZ23N,,,,0,0,TRUE,9/4/15 22:36
127,AB774I47XHB4K,,,,0,0,TRUE,9/4/15 22:37
128,A2LS0IJ90DA0UY,,,,0,0,TRUE,9/4/15 22:38
129,AX0KHOWMMM6Z2,01#,,3#1#2#3#1#2#3#1#2#3#1#2#,0,3,TRUE,9/4/15 22:39
130,A13TFZTDF48KI2,,,,0,0,TRUE,9/4/15 22:47
131,A2AW0DEZLCZ23N,01#,,2#1#3#2#1#3#2#1#3#2#1#3#,0,3,TRUE,9/4/15 22:49
132,A37N5X89RE99B0,01#,,3#2#1#3#2#1#3#2#1#3#2#1#,0,3,TRUE,9/4/15 22:49
133,A1W36Q5THCHYUZ,,,,0,0,TRUE,9/4/15 22:51
134,A13TFZTDF48KI2,,,,0,0,TRUE,9/4/15 22:53
135,A255RBA8P0K0XV,01#,,3#1#2#3#1#2#3#1#2#3#1#2#,0,2,TRUE,9/4/15 22:58
136,A32ZPYIWFEUCDX,01#,,1#3#2#1#3#2#1#3#2#1#3#2#,0,3,TRUE,9/4/15 23:02
137,ACUVVGMLPM2NQ,01#,,2#1#3#2#1#3#2#1#3#2#1#3#,0,1,TRUE,9/4/15 23:14
138,A3VPD34C23PQTQ,01#,,3#2#1#3#2#1#3#2#1#3#2#1#,0,0,TRUE,9/4/15 23:15
139,AIHIS8INIWNI9,,,,0,0,TRUE,9/4/15 23:30
140,A3S5QDW6OU35NH,01#,,2#3#1#2#3#1#2#3#1#2#3#1#,0,3,TRUE,9/4/15 23:34
141,A1BRCCV1X4E6X5,01#,,3#1#2#3#1#2#3#1#2#3#1#2#,0,3,TRUE,9/4/15 23:49
142,A2Q1JUSJ9THUDZ,,,,0,0,TRUE,9/4/15 23:54
143,A8KX1HFH8NE2Q,01#,,2#1#3#2#1#3#2#1#3#2#1#3#,0,3,TRUE,9/4/15 23:55
144,A179EXKWCPDVJY,01#,,3#2#1#3#2#1#3#2#1#3#2#1#,0,2,TRUE,9/5/15 0:11
145,A2TXWYY91LRGJG,,,,0,0,TRUE,9/5/15 0:16
146,A2TXWYY91LRGJG,01#,,2#3#1#2#3#1#2#3#1#2#3#1#,0,3,TRUE,9/5/15 0:24
147,A3MIIUL4O2DPY7,01#,,3#1#2#3#1#2#3#1#2#3#1#2#,0,3,TRUE,9/5/15 0:31
148,A14NP6X071S7GK,01#,,1#3#2#1#3#2#1#3#2#1#3#2#,0,3,TRUE,9/5/15 2:42
149,AMQ2SGE3VBIYA,01#,,2#1#3#2#1#3#2#1#3#2#1#3#,0,3,TRUE,9/5/15 4:28
150,A7HXADQPKOTMN,01#,,3#2#1#3#2#1#3#2#1#3#2#1#,0,0,TRUE,9/5/15 22:39
151,A132U1QQDKXRPT,,,,0,0,TRUE,9/5/15 22:39
152,A14OUWUVFGIIUM,01#,,2#3#1#2#3#1#2#3#1#2#3#1#,0,1,TRUE,9/5/15 22:42
153,AVVXFDH5UUYLT,01#,,3#1#2#3#1#2#3#1#2#3#1#2#,0,1,TRUE,9/5/15 22:51
154,A3EHRIAXAZRUOU,,,,0,0,TRUE,9/5/15 22:51
155,A299CU7U9QX3E7,,,,0,0,TRUE,9/5/15 22:52
156,AODCAY9I2MBXV,01#,,3#2#1#3#2#1#3#2#1#3#2#1#,0,0,TRUE,9/5/15 22:52
157,A30E7T1AHY9C59,01#,,1#2#3#1#2#3#1#2#3#1#2#3#,0,0,TRUE,9/5/15 22:53
158,AFJJ9RLK22FA3,,,,0,0,TRUE,9/5/15 22:55
159,A2B09H7FKW643D,,,,0,0,TRUE,9/5/15 22:58
160,A219VCQZADQ45W,,,,0,0,TRUE,9/5/15 22:59
161,A34A7MN2SKHWUC,,,,0,0,TRUE,9/5/15 22:59
162,AVVXFDH5UUYLT,,,,0,0,TRUE,9/5/15 23:00
163,AVVXFDH5UUYLT,,,,0,0,TRUE,9/5/15 23:00
164,AEKOPV99Z7L85,,,,0,0,TRUE,9/5/15 23:05
165,A3GIXWJIKMNUCV,01#,,3#1#2#3#1#2#3#1#2#3#1#2#,0,3,TRUE,9/5/15 23:06
166,A30F1XBP254OTI,01#,,1#3#2#1#3#2#1#3#2#1#3#2#,0,3,TRUE,9/5/15 23:07
167,A3J9EHZQ9PERAX,01#,,2#1#3#2#1#3#2#1#3#2#1#3#,0,3,TRUE,9/5/15 23:09
168,A1WXN7JJWET1LI,01#,,3#2#1#3#2#1#3#2#1#3#2#1#,0,3,TRUE,9/5/15 23:10
169,A2Q9EDMARU6D1P,,,,0,0,TRUE,9/5/15 23:14
170,A34A7MN2SKHWUC,01#,,2#3#1#2#3#1#2#3#1#2#3#1#,0,3,TRUE,9/5/15 23:14
171,A22HX7JGLXHJQG,,,,0,0,TRUE,9/5/15 23:16
172,A3UEM5FKJU9UDW,01#,,1#3#2#1#3#2#1#3#2#1#3#2#,0,3,TRUE,9/5/15 23:17
173,A3N30TU7ZTLNB9,01#,,2#1#3#2#1#3#2#1#3#2#1#3#,0,0,TRUE,9/5/15 23:25
174,A71WS46EWRAAM,,,,0,0,TRUE,9/5/15 23:28
175,A3QLRC0K1HG9E0,,,,0,0,TRUE,9/5/15 23:31
176,A2JSQET9OQ9PDM,01#,,2#3#1#2#3#1#2#3#1#2#3#1#,0,3,TRUE,9/5/15 23:33
177,ABUXM7VAW5SKJ,01#,,3#1#2#3#1#2#3#1#2#3#1#2#,0,0,TRUE,9/5/15 23:38
178,AEFJQOJ2TI62P,01#,,1#3#2#1#3#2#1#3#2#1#3#2#,0,0,TRUE,9/5/15 23:41
179,A1E5OJK3FPV44C,,,,0,0,TRUE,9/5/15 23:49
180,A2Y5MFHO9MUJVM,,,,0,0,TRUE,9/5/15 23:52
181,A3EM49IJLS9JT0,,,,0,0,TRUE,9/5/15 23:53
182,A1B4227M08K866,01#,,2#3#1#2#3#1#2#3#1#2#3#1#,0,3,TRUE,9/5/15 23:53
183,A27SXNMM91NYZZ,,,,0,0,TRUE,9/6/15 0:05
184,A3RQQYXMERGXNT,01#,,1#3#2#1#3#2#1#3#2#1#3#2#,0,0,TRUE,9/6/15 0:06
185,A1W36Q5THCHYUZ,,,,0,0,TRUE,9/6/15 0:07
186,A1REWUVT3N8SN7,01#,,3#2#1#3#2#1#3#2#1#3#2#1#,0,2,TRUE,9/6/15 0:17
187,A2LKGMMTO4DC4Z,01#,,1#2#3#1#2#3#1#2#3#1#2#3#,0,3,TRUE,9/6/15 0:19
188,A1HFML4SFJP7W7,01#,,2#3#1#2#3#1#2#3#1#2#3#1#,0,2,TRUE,9/6/15 0:19
189,A2XPW4V63266WV,,,,0,0,TRUE,9/6/15 0:24
190,A1HC2VB14J5KIB,01#,,1#3#2#1#3#2#1#3#2#1#3#2#,0,3,TRUE,9/6/15 0:29
191,A1RQUDG08EIML7,01#,,2#1#3#2#1#3#2#1#3#2#1#3#,0,2,TRUE,9/6/15 0:32
192,A14CX1IUDSVFLL,01#,,3#2#1#3#2#1#3#2#1#3#2#1#,0,3,TRUE,9/6/15 0:34
193,A2ARHK50FQ79YC,01#,,1#2#3#1#2#3#1#2#3#1#2#3#,0,3,TRUE,9/6/15 0:37
194,A1D0PHYBW2QXXF,01#,,2#3#1#2#3#1#2#3#1#2#3#1#,0,3,TRUE,9/6/15 0:38
195,ABUXM7VAW5SKJ,01#,,3#1#2#3#1#2#3#1#2#3#1#2#,0,3,TRUE,9/6/15 0:40
196,A30QRYULPVYZQV,,,,0,0,TRUE,9/6/15 0:43
197,A3W3TEOEEF4Z3X,01#,,2#1#3#2#1#3#2#1#3#2#1#3#,0,3,TRUE,9/6/15 0:44
198,A3NPMK0HB0Y772,,,,0,0,TRUE,9/6/15 0:55
199,A20NDRGSZZRQF,01#,,1#2#3#1#2#3#1#2#3#1#2#3#,0,3,TRUE,9/6/15 1:01
200,ADVZAZ12Z8N9J,,,,0,0,TRUE,9/6/15 1:03
201,A1Y9395AXC1FS0,,,,0,0,TRUE,9/6/15 1:10
202,A3LRSX7ECYPSF4,01#,,1#3#2#1#3#2#1#3#2#1#3#2#,0,3,TRUE,9/6/15 1:29
203,A17I88FWG7XU6A,01#,,2#1#3#2#1#3#2#1#3#2#1#3#,0,3,TRUE,9/6/15 1:49
204,A2VGEE0ZIZ8CBQ,,,,0,0,TRUE,9/6/15 2:07
205,A319HGTKM0UY0V_2,01#,,1#2#3#1#2#3#1#2#3#1#2#3#,0,3,TRUE,9/6/15 2:43
206,A23S3TBFRILU5H,01#,,2#3#1#2#3#1#2#3#1#2#3#1#,0,3,TRUE,9/6/15 3:56
207,A30QRYULPVYZQV_2,01#,,3#1#2#3#1#2#3#1#2#3#1#2#,0,2,TRUE,9/6/15 4:13
208,A2EMG4S9LWOIZZ,,,,0,0,TRUE,9/6/15 4:36
209,A2EMG4S9LWOIZZ,01#,,2#1#3#2#1#3#2#1#3#2#1#3#,0,3,TRUE,9/6/15 4:42
210,A1YBX7P5PY8LL,01#,,3#2#1#3#2#1#3#2#1#3#2#1#,0,3,TRUE,9/6/15 6:26
211,test,01#,03#02#01#,1#2#3#1#2#3#1#2#3#1#2#3#,0,3,TRUE,9/8/15 18:43
212,test1,01#,,2#3#1#2#3#1#2#3#1#2#3#1#,0,2,TRUE,9/10/15 23:13
213,test2,,,,0,0,TRUE,9/12/15 10:03
214,test3,01#,,1#3#2#1#3#2#1#3#2#1#3#2#,0,3,TRUE,9/12/15 10:06
215,test4,01#,,2#1#3#2#1#3#2#1#3#2#1#3#,0,0,TRUE,9/12/15 11:00
216,AOQ5KGJJBHHMU,01#,,3#2#1#3#2#1#3#2#1#3#2#1#,0,2,TRUE,9/12/15 21:25
217,A3CLCXBZORQ4BU,01#,,1#2#3#1#2#3#1#2#3#1#2#3#,0,3,TRUE,9/12/15 21:25
218,A1C0H8G0Y115MN,01#,,2#3#1#2#3#1#2#3#1#2#3#1#,0,3,TRUE,9/12/15 21:25
219,A1YBUA89N9CV2N,,,,0,0,TRUE,9/12/15 21:26
220,A2NT8U7GSYGISJ,,,,0,0,TRUE,9/12/15 21:26
221,A1YPPL2PTVXO0W,01#,,2#1#3#2#1#3#2#1#3#2#1#3#,0,3,TRUE,9/12/15 21:27
222,A1L5ICUFG3P03K,,,,0,0,TRUE,9/12/15 21:27
223,AD3LAOSY40P9U,01#,,1#2#3#1#2#3#1#2#3#1#2#3#,0,3,TRUE,9/12/15 21:28
224,A27N42X43L6EH1,01#,,2#3#1#2#3#1#2#3#1#2#3#1#,0,2,TRUE,9/12/15 21:29
225,A2U7BMG19Q83GE,01#,,3#1#2#3#1#2#3#1#2#3#1#2#,0,3,TRUE,9/12/15 21:30
226,A3774HPOUKYTX7,01#,,1#3#2#1#3#2#1#3#2#1#3#2#,0,3,TRUE,9/12/15 21:30
227,A3R3K58OYI82SU,01#,,2#1#3#2#1#3#2#1#3#2#1#3#,0,3,TRUE,9/12/15 21:31
228,AX7VQSTZA8DQA,01#,,3#2#1#3#2#1#3#2#1#3#2#1#,0,3,TRUE,9/12/15 21:32
229,A1PO6P10SESOQ9,01#,,1#2#3#1#2#3#1#2#3#1#2#3#,0,3,TRUE,9/12/15 21:32
230,A1JPUM7KH3020K,,,,0,0,TRUE,9/12/15 21:32
231,A1GG4X5KNX9V24,01#,,3#1#2#3#1#2#3#1#2#3#1#2#,0,3,TRUE,9/12/15 21:34
232,A3TYWTLNIKKD29,01#,,1#3#2#1#3#2#1#3#2#1#3#2#,0,1,TRUE,9/12/15 21:34
233,AD4ALUT6LXXBU,,,,0,0,TRUE,9/12/15 21:34
234,A29HUSCMP9TKWW,01#,,3#2#1#3#2#1#3#2#1#3#2#1#,0,3,TRUE,9/12/15 21:35
235,A3ULZGQA5AQMTD,,,,0,0,TRUE,9/12/15 21:35
236,A3C34VUR4K97H,,,,0,0,TRUE,9/12/15 21:36
237,AD4ALUT6LXXBU,,,,0,0,TRUE,9/12/15 21:37
238,A1MVBUYDR8W1FI,01#,,1#3#2#1#3#2#1#3#2#1#3#2#,0,0,TRUE,9/12/15 21:38
239,A3EOUZF47TQ0ND,01#,,2#1#3#2#1#3#2#1#3#2#1#3#,0,3,TRUE,9/12/15 21:38
240,A31Y2UA2LPDSWZ,01#,,3#2#1#3#2#1#3#2#1#3#2#1#,0,3,TRUE,9/12/15 21:41
241,A2VYAG70VOWXZZ,01#,,1#2#3#1#2#3#1#2#3#1#2#3#,0,3,TRUE,9/12/15 21:41
242,A1D8CKTVHAVZ7I,01#,,2#3#1#2#3#1#2#3#1#2#3#1#,0,3,TRUE,9/12/15 21:43
243,A28N4YR1LYTKOC,,,,0,0,TRUE,9/12/15 21:50
244,A1FGKIKJYSL1MI,01#,,1#3#2#1#3#2#1#3#2#1#3#2#,0,3,TRUE,9/12/15 21:50
245,A27N42X43L6EH1,01#,,2#1#3#2#1#3#2#1#3#2#1#3#,0,3,TRUE,9/12/15 21:58
246,AO7FM98CP90CL,,,,0,0,TRUE,9/12/15 21:58
247,A274NFT93QPBGL,,,,0,0,TRUE,9/12/15 22:04
248,AZGBKAM5JUV5A,,,,0,0,TRUE,9/12/15 22:04
249,A1BPV7X3HFU3S,01#,,3#1#2#3#1#2#3#1#2#3#1#2#,0,3,TRUE,9/12/15 22:05
250,A1YSYI926BBOHW,,,,0,0,TRUE,9/12/15 22:06
251,A2PGL01ZNOAZ9W,01#,,2#1#3#2#1#3#2#1#3#2#1#3#,0,3,TRUE,9/12/15 22:06
252,AMBSLLFEZ63NX,01#,,3#2#1#3#2#1#3#2#1#3#2#1#,0,3,TRUE,9/12/15 22:06
253,A42UZIPIKDFI5,01#,,1#2#3#1#2#3#1#2#3#1#2#3#,0,2,TRUE,9/12/15 22:06
254,A2PFKNP7Z39534,,,,0,0,TRUE,9/12/15 22:07
255,A14D9PSNENZCDT,01#,,3#1#2#3#1#2#3#1#2#3#1#2#,0,3,TRUE,9/12/15 22:07
256,A17EDVWCYF6PFD,,,,0,0,TRUE,9/12/15 22:07
257,A3EG94296X6Z83,,,,0,0,TRUE,9/12/15 22:08
258,A2WB0ZW31GTYKZ,,,,0,0,TRUE,9/12/15 22:09
259,A1CXMDUNE9A6VO,,,,0,0,TRUE,9/12/15 22:10
260,AH2XI0F2TL6BT,,,,0,0,TRUE,9/12/15 22:11
261,A3GEHH49HNJM57,,,,0,0,TRUE,9/12/15 22:11
262,AR5AV0OMG1SJU,,,,0,0,TRUE,9/12/15 22:15
263,A1SMTECZU2UDYD,01#,,2#1#3#2#1#3#2#1#3#2#1#3#,0,3,TRUE,9/12/15 22:16
264,A3EG94296X6Z83,01#,,3#2#1#3#2#1#3#2#1#3#2#1#,0,3,TRUE,9/12/15 22:16
265,A2A3QA1VCMLUSX,01#,,1#2#3#1#2#3#1#2#3#1#2#3#,0,3,TRUE,9/12/15 22:18
266,ADTNOFJHTTB1L,01#,,2#3#1#2#3#1#2#3#1#2#3#1#,0,3,TRUE,9/12/15 22:18
267,A344UMEXUHEQCW,01#,,3#1#2#3#1#2#3#1#2#3#1#2#,0,2,TRUE,9/12/15 22:23
268,A3CW1MKND3G46T,,,,0,0,TRUE,9/12/15 22:26
269,A2WGW5Y3ZFBDEC,,,,0,0,TRUE,9/12/15 22:26
270,A7RCI6SOHOLXU,,,,0,0,TRUE,9/12/15 22:27
271,A2QCDKTLMY4P48,01#,,1#2#3#1#2#3#1#2#3#1#2#3#,0,3,TRUE,9/12/15 22:27
272,ADVZAZ12Z8N9J,01#,,2#3#1#2#3#1#2#3#1#2#3#1#,0,0,TRUE,9/12/15 22:28
273,A28THWK5IO1YOP,01#,,3#1#2#3#1#2#3#1#2#3#1#2#,0,3,TRUE,9/12/15 22:29
274,A014570429HSF84C0QZCF,01#,,1#3#2#1#3#2#1#3#2#1#3#2#,0,3,TRUE,9/12/15 22:34
275,A19FEU28J4WZ1Z,01#,,2#1#3#2#1#3#2#1#3#2#1#3#,0,3,TRUE,9/12/15 22:35
276,A218Q6T4XJD6NI,,,,0,0,TRUE,9/12/15 22:36
277,A25AMA8W5ASH00,01#,,1#2#3#1#2#3#1#2#3#1#2#3#,0,3,TRUE,9/12/15 22:40
278,A2FNI9973CF233,01#,,2#3#1#2#3#1#2#3#1#2#3#1#,0,2,TRUE,9/12/15 22:40
279,A1XNXH5WGDXES5,01#,,3#1#2#3#1#2#3#1#2#3#1#2#,0,3,TRUE,9/12/15 22:44
280,A3DKYNYN50FYFY,01#,,1#3#2#1#3#2#1#3#2#1#3#2#,0,3,TRUE,9/12/15 22:46
281,A1IV8V08K6S98Y,01#,,2#1#3#2#1#3#2#1#3#2#1#3#,0,3,TRUE,9/12/15 22:46
282,A1TNQU9L5L62PL,,,,0,0,TRUE,9/12/15 22:48
283,A1WVZQVRBLTDCS,,,,0,0,TRUE,9/12/15 22:52
284,A1WGRC3OHD9HP8,01#,,2#3#1#2#3#1#2#3#1#2#3#1#,0,3,TRUE,9/12/15 22:52
285,ABUABR22YMOGG,01#,,3#1#2#3#1#2#3#1#2#3#1#2#,0,3,TRUE,9/12/15 22:53
286,test5,,,,0,0,TRUE,9/12/15 23:05
287,AUC6AB7J7LGKG,,,,0,0,TRUE,9/12/15 23:08
288,A2PHDF44BN2OGZ,,,,0,0,TRUE,9/12/15 23:08
289,A38PKJM1ZRMDT8,01#,,1#2#3#1#2#3#1#2#3#1#2#3#,0,3,TRUE,9/12/15 23:08
290,A1RQUDG08EIML7,,,,0,0,TRUE,9/12/15 23:11
291,A1TNQU9L5L62PL,01#,,3#1#2#3#1#2#3#1#2#3#1#2#,0,2,TRUE,9/12/15 23:14
292,A2A2J1LFFRKY2Q,,,,0,0,TRUE,9/12/15 23:16
293,A2XSJVDWB4M6C0,,,,0,0,TRUE,9/12/15 23:29
294,A71WS46EWRAAM,,,,0,0,TRUE,9/12/15 23:30
295,AIC8CB12DQC0K,01#,,1#2#3#1#2#3#1#2#3#1#2#3#,0,0,TRUE,9/12/15 23:32
296,A1AQK667NBERJ1,,,,0,0,TRUE,9/12/15 23:54
297,A1RATFICCKLCQ,01#,,3#1#2#3#1#2#3#1#2#3#1#2#,0,3,TRUE,9/12/15 23:58
298,A1T6GWGAJ9E8GG,,,,0,0,TRUE,9/13/15 0:22
299,AB774I47XHB4K,,,,0,0,TRUE,9/13/15 0:32
300,A2STPV2BBA882Y,01#,,3#2#1#3#2#1#3#2#1#3#2#1#,0,3,TRUE,9/13/15 0:35
301,A9YQQIZRWVPIT,,,,0,0,TRUE,9/13/15 3:06
302,A3AFOESOUB7CXU,01#,,2#3#1#2#3#1#2#3#1#2#3#1#,0,2,TRUE,9/13/15 3:18
303,ANGB67ECCF73,01#,,3#1#2#3#1#2#3#1#2#3#1#2#,0,3,TRUE,9/13/15 3:24
304,ADV6NZSKHRBTF,,,,0,0,TRUE,9/13/15 3:31
305,A3K8RMYHHGISUI,01#,,2#1#3#2#1#3#2#1#3#2#1#3#,0,3,TRUE,9/13/15 3:37
306,A31A20Z5P0UJBH,01#,,3#2#1#3#2#1#3#2#1#3#2#1#,0,3,TRUE,9/13/15 3:40
307,A3IB7YJHP04OHI,01#,,1#2#3#1#2#3#1#2#3#1#2#3#,0,3,TRUE,9/13/15 3:54
308,a158pdr33qvurp,01#,,2#3#1#2#3#1#2#3#1#2#3#1#,0,3,TRUE,9/13/15 4:33
309,A3PGCZCYMXQMZ8,01#,,3#1#2#3#1#2#3#1#2#3#1#2#,0,3,TRUE,9/13/15 4:46
310,test5,01#,,1#3#2#1#3#2#1#3#2#1#3#2#,0,2,TRUE,9/16/15 2:20
311,A1A2QKS7J4Q1GV,,,,0,0,TRUE,9/16/15 10:03
312,AH6PQTU8QFO8U,,,,0,0,TRUE,9/16/15 10:03
313,A3KPD2V7R3IPBZ,01#,,1#2#3#1#2#3#1#2#3#1#2#3#,0,2,TRUE,9/16/15 10:03
314,A1RSJ45RXTREWN,,,,0,0,TRUE,9/16/15 10:04
315,A3EDFNG7NA7V0I,,,,0,0,TRUE,9/16/15 10:04
316,A2A4EX36X0JB4R,01#,,1#3#2#1#3#2#1#3#2#1#3#2#,0,3,TRUE,9/16/15 10:05
317,A3LI11B9RGB73X,,,,0,0,TRUE,9/16/15 10:05
318,A1GFN7WDJ0GX5V,,,,0,0,TRUE,9/16/15 10:06
319,A249M2F9FFNIK2,01#,,1#2#3#1#2#3#1#2#3#1#2#3#,0,3,TRUE,9/16/15 10:06
320,A27BSYPO6JCB4Q,01#,,2#3#1#2#3#1#2#3#1#2#3#1#,0,0,TRUE,9/16/15 10:06
321,A1HWTTN3JEUNZY,01#,,3#1#2#3#1#2#3#1#2#3#1#2#,0,3,TRUE,9/16/15 10:06
322,A33B85TN97HQ33,01#,,1#3#2#1#3#2#1#3#2#1#3#2#,0,3,TRUE,9/16/15 10:07
323,A2R40R4O6G0YBY,01#,,2#1#3#2#1#3#2#1#3#2#1#3#,0,3,TRUE,9/16/15 10:09
324,A3EDFNG7NA7V0I,01#,,3#2#1#3#2#1#3#2#1#3#2#1#,0,0,TRUE,9/16/15 10:10
325,A79MOUAP34RVB,,,,0,0,TRUE,9/16/15 10:10
326,AH6PQTU8QFO8U,01#,,2#3#1#2#3#1#2#3#1#2#3#1#,0,3,TRUE,9/16/15 10:13
327,A1TF61UDPHBP1A,01#,,3#1#2#3#1#2#3#1#2#3#1#2#,0,3,TRUE,9/16/15 10:14
328,A16NVR9OL5A2H5,01#,,1#3#2#1#3#2#1#3#2#1#3#2#,0,0,TRUE,9/16/15 10:14
329,A2XVOYY8BDEZXF,01#,,2#1#3#2#1#3#2#1#3#2#1#3#,0,3,TRUE,9/16/15 10:15
330,A2DAEM674ZDADH,01#,,3#2#1#3#2#1#3#2#1#3#2#1#,0,3,TRUE,9/16/15 10:17
331,A1GTYHV8OYQQLV,,,,0,0,TRUE,9/16/15 10:17
332,A3JWLZQE19KVPT,01#,,2#3#1#2#3#1#2#3#1#2#3#1#,0,2,TRUE,9/16/15 10:21
333,A3BPS4K97FAU7O,01#,,3#1#2#3#1#2#3#1#2#3#1#2#,0,3,TRUE,9/16/15 10:22
334,AURYD2FH3FUOQ,,,,0,0,TRUE,9/16/15 10:24
335,AOTCPS24JM5DQ,,,,0,0,TRUE,9/16/15 10:26
336,A330JJZGJL7IG2,01#,,3#2#1#3#2#1#3#2#1#3#2#1#,0,0,TRUE,9/16/15 10:27
337,AVI7K876BV3QL,,,,0,0,TRUE,9/16/15 10:29
338,A1H198MRIM37T1,,,,0,0,TRUE,9/16/15 10:30
339,A1OXHIJ79K3D2E,01#,,3#1#2#3#1#2#3#1#2#3#1#2#,0,3,TRUE,9/16/15 10:32
340,AVFHRN0S32V2H,,,,0,0,TRUE,9/16/15 10:35
341,A38BPA6LLVQCN,,,,0,0,TRUE,9/16/15 10:36
342,A138M4A1NILVRB,,,,0,0,TRUE,9/16/15 10:36
343,A6ZHOGZXNXH0H,,,,0,0,TRUE,9/16/15 10:38
344,AYA4YHEEEO1T8,01#,,2#3#1#2#3#1#2#3#1#2#3#1#,0,3,TRUE,9/16/15 10:39
345,ACLCFPUQWV591,01#,,3#1#2#3#1#2#3#1#2#3#1#2#,0,0,TRUE,9/16/15 10:40
346,A6ZHOGZXNXH0H,,,,0,0,TRUE,9/16/15 10:43
347,A3IOZ6QOSLDUM7,,,,0,0,TRUE,9/16/15 10:45
348,A2HNQWBBXY66ST,01#,,3#2#1#3#2#1#3#2#1#3#2#1#,0,3,TRUE,9/16/15 10:47
349,A324FQ64NCN2YS,01#,,1#2#3#1#2#3#1#2#3#1#2#3#,0,3,TRUE,9/16/15 10:51
350,A305GO3YC40CZK,01#,,2#3#1#2#3#1#2#3#1#2#3#1#,0,3,TRUE,9/16/15 10:52
351,A3IOZ6QOSLDUM7,01#,,3#1#2#3#1#2#3#1#2#3#1#2#,0,0,TRUE,9/16/15 10:54
352,A187TVQ98O0FN2,01#,,1#3#2#1#3#2#1#3#2#1#3#2#,0,3,TRUE,9/16/15 11:02
353,A3LDNYF163XZI6,01#,,2#1#3#2#1#3#2#1#3#2#1#3#,0,3,TRUE,9/16/15 11:16
354,a2hq6qyka4nicd,01#,,3#2#1#3#2#1#3#2#1#3#2#1#,0,3,TRUE,9/16/15 11:20
355,AKNYT1NTK2UFK,01#,,1#2#3#1#2#3#1#2#3#1#2#3#,0,3,TRUE,9/16/15 11:21
356,AIJEWX92UW722,01#,,2#3#1#2#3#1#2#3#1#2#3#1#,0,3,TRUE,9/16/15 11:27
357,A25BDZJ7E8I0PG,01#,,3#1#2#3#1#2#3#1#2#3#1#2#,0,1,TRUE,9/16/15 11:31
358,A2R9VWNAOREXQ7,,,,0,0,TRUE,9/16/15 11:44
359,A6LGUTYKU314W,01#,,2#1#3#2#1#3#2#1#3#2#1#3#,0,3,TRUE,9/16/15 11:47
360,A25BDZJ7E8I0PG,01#,,3#2#1#3#2#1#3#2#1#3#2#1#,0,2,TRUE,9/16/15 11:53
361,A25BDZJ7E8I0PG,01#,,1#2#3#1#2#3#1#2#3#1#2#3#,0,0,TRUE,9/16/15 12:18
362,A2WLGVXAVT2XTR,,,,0,0,TRUE,9/16/15 12:41
363,A19TL7AJ0FB1JG,,,,0,0,TRUE,9/16/15 13:08
364,AHJQDF8PAHVDP,01#,,1#3#2#1#3#2#1#3#2#1#3#2#,0,3,TRUE,9/16/15 13:10
365,A3J01A18AJBGKX,01#,,2#1#3#2#1#3#2#1#3#2#1#3#,0,1,TRUE,9/16/15 13:31
366,AMWORXZGGWQJ1,01#,,3#2#1#3#2#1#3#2#1#3#2#1#,0,0,TRUE,9/16/15 13:55
367,A2NQOD21QCRKG0,01#,,1#2#3#1#2#3#1#2#3#1#2#3#,0,3,TRUE,9/16/15 13:58
368,A3E9A9O3CLMEW,,,,0,0,TRUE,9/16/15 14:24
369,A36T7N6CT9GUCG,,,,0,0,TRUE,9/16/15 14:46
370,A2B09H7FKW643D,,,,0,0,TRUE,9/16/15 14:58
371,A3IMND1XWD1O98,,,,0,0,TRUE,9/16/15 15:03
372,A2LXPQS44US390,,,,0,0,TRUE,9/16/15 15:04
373,A2SVH0NMK7OE57,01#,,1#2#3#1#2#3#1#2#3#1#2#3#,0,3,TRUE,9/16/15 15:05
374,A3CB5YPZ1UAHVV,01#,,2#3#1#2#3#1#2#3#1#2#3#1#,0,3,TRUE,9/16/15 15:13
375,A35LPWCD76KZ5P,01#,,3#1#2#3#1#2#3#1#2#3#1#2#,0,3,TRUE,9/16/15 15:15
376,A2S3MXU8T2I5H0,,,,0,0,TRUE,9/16/15 15:23
377,A13XS8F6QHRT6H,01#,,2#1#3#2#1#3#2#1#3#2#1#3#,0,3,TRUE,9/16/15 15:23
378,A1MW350A7ECNSJ,01#,,3#2#1#3#2#1#3#2#1#3#2#1#,0,2,TRUE,9/16/15 15:43
379,A344DR7QJ4E3UI,01#,,1#2#3#1#2#3#1#2#3#1#2#3#,0,3,TRUE,9/16/15 15:56
380,A1S5W9N861BFLD,,,,0,0,TRUE,9/16/15 16:01
381,A22HX7JGLXHJQG,01#,,3#1#2#3#1#2#3#1#2#3#1#2#,0,1,TRUE,9/16/15 16:08
382,AIWHIEG9FTPN0,,,,0,0,TRUE,9/16/15 16:24
383,A1FBK4DPFCXX2,01#,,2#1#3#2#1#3#2#1#3#2#1#3#,0,1,TRUE,9/16/15 16:34
384,AIE84OA7R3GLG,,,,0,0,TRUE,9/16/15 16:38
385,A1GLF2427E02YG,01#,,1#2#3#1#2#3#1#2#3#1#2#3#,0,3,TRUE,9/16/15 16:40
386,A3FL0OFMUCA3BM,01#,,2#3#1#2#3#1#2#3#1#2#3#1#,0,3,TRUE,9/16/15 16:57
387,A8RAYYZKGDBQD,,,,0,0,TRUE,9/16/15 16:58
388,ADVZAZ12Z8N9J,,,,0,0,TRUE,9/16/15 17:20
389,A3RNYHTTJZ6JUP,01#,,2#1#3#2#1#3#2#1#3#2#1#3#,0,3,TRUE,9/16/15 17:27
390,A2RRC5B4M80XXO,,,,0,0,TRUE,9/16/15 17:48
391,A2RR3B1I2Z7NS7,,,,0,0,TRUE,9/16/15 17:56
392,ARNX6JWMYEOAP,01#,,2#3#1#2#3#1#2#3#1#2#3#1#,0,3,TRUE,9/16/15 18:07
393,AQAXDL1INQC9Q,,,,0,0,TRUE,9/16/15 18:30
394,A2T321GO5NUCQY,01#,,1#3#2#1#3#2#1#3#2#1#3#2#,0,3,TRUE,9/16/15 18:45
395,AS1QMPXIT1EGX,,,,0,0,TRUE,9/16/15 18:47
396,A27TPKZZ723Z24,01#,,3#2#1#3#2#1#3#2#1#3#2#1#,0,3,TRUE,9/16/15 18:51
397,A39C3299FW5PTO,,,,0,0,TRUE,9/16/15 22:24
398,ABL2FXYMI00T6,01#,,2#3#1#2#3#1#2#3#1#2#3#1#,0,3,TRUE,9/16/15 22:45
399,A3RQDXPX5IL4N6,01#,,3#1#2#3#1#2#3#1#2#3#1#2#,0,3,TRUE,9/17/15 0:20
400,text6,01#,,1#3#2#1#3#2#1#3#2#1#3#2#,0,3,TRUE,9/17/15 17:14
401,test7,01#,,2#1#3#2#1#3#2#1#3#2#1#3#,0,1,TRUE,9/18/15 3:15
402,1001,01#,,3#2#1#3#2#1#3#2#1#3#2#1#,0,3,TRUE,9/18/15 12:59
403,2001,01#,,1#2#3#1#2#3#1#2#3#1#2#3#,0,3,TRUE,9/21/15 10:47
404,1002,01#,,2#3#1#2#3#1#2#3#1#2#3#1#,0,3,TRUE,9/21/15 12:56
405,2002,01#,,3#1#2#3#1#2#3#1#2#3#1#2#,0,3,TRUE,9/21/15 14:53
406,1003,01#,,1#3#2#1#3#2#1#3#2#1#3#2#,0,3,TRUE,9/21/15 16:57
407,1004,01#,,2#1#3#2#1#3#2#1#3#2#1#3#,0,3,TRUE,9/22/15 9:32
408,1005,01#,,3#2#1#3#2#1#3#2#1#3#2#1#,0,3,TRUE,9/22/15 13:02
409,1006,01#,,1#2#3#1#2#3#1#2#3#1#2#3#,0,2,TRUE,9/22/15 14:31
410,2003,01#,,2#3#1#2#3#1#2#3#1#2#3#1#,0,3,TRUE,9/22/15 16:16
411,1007,01#,,3#1#2#3#1#2#3#1#2#3#1#2#,0,3,TRUE,9/23/15 9:01
412,1008,01#,,1#3#2#1#3#2#1#3#2#1#3#2#,0,3,TRUE,9/23/15 10:29
413,1009,01#,,2#1#3#2#1#3#2#1#3#2#1#3#,0,3,TRUE,9/23/15 13:30
414,1010,01#,,3#2#1#3#2#1#3#2#1#3#2#1#,0,3,TRUE,9/23/15 15:22
415,test8,,,,0,0,TRUE,9/23/15 16:38
416,2004,01#,,2#3#1#2#3#1#2#3#1#2#3#1#,0,3,TRUE,9/23/15 17:03
417,2005,01#,,3#1#2#3#1#2#3#1#2#3#1#2#,0,3,TRUE,9/24/15 8:54
418,2006,01#,,1#3#2#1#3#2#1#3#2#1#3#2#,0,2,TRUE,9/24/15 9:04
419,1011,01#,,2#1#3#2#1#3#2#1#3#2#1#3#,0,3,TRUE,9/24/15 11:53
420,2007,,,,0,0,TRUE,9/24/15 13:35
421,2007_2,01#,,1#2#3#1#2#3#1#2#3#1#2#3#,0,3,TRUE,9/24/15 13:56
422,2008,01#,,2#3#1#2#3#1#2#3#1#2#3#1#,0,3,TRUE,9/24/15 17:31
423,2009,01#,,3#1#2#3#1#2#3#1#2#3#1#2#,0,3,TRUE,9/25/15 10:30
424,1012,01#,,1#3#2#1#3#2#1#3#2#1#3#2#,0,3,TRUE,9/25/15 12:26
425,1013,01#,,2#1#3#2#1#3#2#1#3#2#1#3#,0,3,TRUE,9/25/15 13:39
426,2010,01#,,3#2#1#3#2#1#3#2#1#3#2#1#,0,2,TRUE,9/25/15 15:33
427,1014,01#,,1#2#3#1#2#3#1#2#3#1#2#3#,0,2,TRUE,9/25/15 17:12
428,1015,01#,,2#3#1#2#3#1#2#3#1#2#3#1#,0,3,TRUE,9/25/15 18:16
429,2011,01#,,3#1#2#3#1#2#3#1#2#3#1#2#,0,3,TRUE,9/28/15 9:06
430,1016,01#,,1#3#2#1#3#2#1#3#2#1#3#2#,0,3,TRUE,9/28/15 12:03
431,2012,01#,,2#1#3#2#1#3#2#1#3#2#1#3#,0,3,TRUE,9/28/15 14:58
432,2013,01#,,3#2#1#3#2#1#3#2#1#3#2#1#,0,3,TRUE,9/28/15 16:29
433,1017,01#,,1#2#3#1#2#3#1#2#3#1#2#3#,0,3,TRUE,9/29/15 16:48
434,2014,01#,,2#3#1#2#3#1#2#3#1#2#3#1#,0,3,TRUE,9/30/15 9:03
435,2015,01#,,3#1#2#3#1#2#3#1#2#3#1#2#,0,3,TRUE,9/30/15 10:44
436,1018,01#,,1#3#2#1#3#2#1#3#2#1#3#2#,0,3,TRUE,9/30/15 12:40
437,2016,01#,,2#1#3#2#1#3#2#1#3#2#1#3#,0,3,TRUE,9/30/15 13:30
438,2017,01#,,3#2#1#3#2#1#3#2#1#3#2#1#,0,3,TRUE,9/30/15 15:00
439,2018,01#,,1#2#3#1#2#3#1#2#3#1#2#3#,0,3,TRUE,9/30/15 16:58
440,2019,01#,,2#3#1#2#3#1#2#3#1#2#3#1#,0,3,TRUE,10/1/15 8:20
441,2020,01#,,3#1#2#3#1#2#3#1#2#3#1#2#,0,5,TRUE,10/1/15 10:28
442,f,01#,,1#3#2#1#3#2#1#3#2#1#3#2#,0,1,TRUE,10/31/15 21:01
443,123,01#,,2#1#3#2#1#3#2#1#3#2#1#3#,0,1,TRUE,11/24/23 0:00
444,1234,01#,,3#2#1#3#2#1#3#2#1#3#2#1#,0,1,TRUE,11/25/23 12:31
445,1234,01#,,1#2#3#1#2#3#1#2#3#1#2#3#,0,0,TRUE,11/25/23 13:02
446,1234,01#,,1#2#3#1#2#3#1#2#3#1#2#3#,0,0,TRUE,11/25/23 13:57
447,1234,01#,,1#2#3#1#2#3#1#2#3#1#2#3#,0,0,TRUE,11/25/23 14:01
448,1234,01#,,1#2#3#1#2#3#1#2#3#1#2#3#,0,0,TRUE,11/25/23 14:11
449,1234,01#,,1#2#3#1#2#3#1#2#3#1#2#3#,0,0,TRUE,11/25/23 14:14
450,1234,01#,,1#2#3#1#2#3#1#2#3#1#2#3#,0,0,TRUE,11/25/23 15:43
451,1234,01#,,1#2#3#1#2#3#1#2#3#1#2#3#,0,0,TRUE,11/25/23 15:47
452,1234,01#,,1#2#3#1#2#3#1#2#3#1#2#3#,0,0,TRUE,11/25/23 15:49
453,1234,01#,,1#2#3#1#2#3#1#2#3#1#2#3#,0,0,TRUE,11/25/23 16:06
454,1234,01#,,1#2#3#1#2#3#1#2#3#1#2#3#,0,0,TRUE,11/25/23 16:07
455,1234,01#,,1#2#3#1#2#3#1#2#3#1#2#3#,0,0,TRUE,11/25/23 16:08
456,1234,01#,,1#2#3#1#2#3#1#2#3#1#2#3#,0,0,TRUE,11/25/23 16:11
457,1234,01#,,1#2#3#1#2#3#1#2#3#1#2#3#,0,0,TRUE,11/25/23 16:15
458,1234,01#,,1#2#3#1#2#3#1#2#3#1#2#3#,0,0,TRUE,11/25/23 16:18
459,1234,01#,,1#2#3#1#2#3#1#2#3#1#2#3#,0,0,TRUE,11/25/23 16:23
460,1234,01#,,1#2#3#1#2#3#1#2#3#1#2#3#,0,0,TRUE,11/25/23 16:44
461,1234,01#,,1#2#3#1#2#3#1#2#3#1#2#3#,0,0,TRUE,11/25/23 16:45
462,1234,01#,,1#2#3#1#2#3#1#2#3#1#2#3#,0,0,TRUE,11/25/23 19:27
463,1234,01#,,1#2#3#1#2#3#1#2#3#1#2#3#,0,0,TRUE,11/25/23 19:31
464,1234,01#,,1#2#3#1#2#3#1#2#3#1#2#3#,0,0,TRUE,11/25/23 19:38
465,1234,01#,,1#2#3#1#2#3#1#2#3#1#2#3#,0,0,TRUE,11/25/23 19:39
466,12345,01#,,1#2#3#1#2#3#1#2#3#1#2#3#,0,0,TRUE,11/25/23 19:39
467,1234,01#,,1#2#3#1#2#3#1#2#3#1#2#3#,0,0,TRUE,11/25/23 19:44
468,1234,01#,,1#2#3#1#2#3#1#2#3#1#2#3#,0,0,TRUE,11/25/23 19:50
469,1234,01#,,1#2#3#1#2#3#1#2#3#1#2#3#,0,0,TRUE,11/25/23 20:07
470,1234,01#,,1#2#3#1#2#3#1#2#3#1#2#3#,0,0,TRUE,11/25/23 20:13
471,123456,01#,,1#2#3#1#2#3#1#2#3#1#2#3#,0,0,TRUE,11/25/23 20:14
472,,01#,,1#2#3#1#2#3#1#2#3#1#2#3#,0,0,TRUE,11/25/23 20:16
473,12345,01#,,1#2#3#1#2#3#1#2#3#1#2#3#,0,0,TRUE,11/25/23 20:20
474,112233,01#,,1#2#3#1#2#3#1#2#3#1#2#3#,0,0,TRUE,11/25/23 22:28
475,112233,01#,,1#2#3#1#2#3#1#2#3#1#2#3#,0,0,TRUE,11/25/23 22:35
476,112233,01#,,1#2#3#1#2#3#1#2#3#1#2#3#,0,0,TRUE,11/25/23 22:37
477,112233,01#,,1#2#3#1#2#3#1#2#3#1#2#3#,0,0,TRUE,11/25/23 23:12
478,11223344,01#,,1#2#3#1#2#3#1#2#3#1#2#3#,0,0,TRUE,11/25/23 23:14
479,11223344,01#,,1#2#3#1#2#3#1#2#3#1#2#3#,0,0,TRUE,11/25/23 23:29
480,1234,01#,,3#2#1#3#2#1#3#2#1#3#2#1#,0,0,TRUE,11/26/23 0:49
481,1234,01#,,1#2#3#1#2#3#1#2#3#1#2#3#,0,0,TRUE,11/26/23 0:55
482,1234,01#,,1#2#3#1#2#3#1#2#3#1#2#3#,0,0,TRUE,11/26/23 1:39
483,1234,01#,,3#1#2#3#1#2#3#1#2#3#1#2#,0,0,TRUE,11/26/23 1:39
484,1234,01#,,1#2#3#1#2#3#1#2#3#1#2#3#,0,0,TRUE,11/26/23 1:49
485,1234,01#,,1#2#3#1#2#3#1#2#3#1#2#3#,0,0,TRUE,11/26/23 1:52
486,123,01#,,1#2#3#1#2#3#1#2#3#1#2#3#,0,0,TRUE,11/26/23 1:55
487,123,01#,,1#2#3#1#2#3#1#2#3#1#2#3#,0,0,TRUE,11/26/23 1:56
488,12,01#,,1#2#3#1#2#3#1#2#3#1#2#3#,0,0,TRUE,11/26/23 1:59
489,fff,01#,,1#2#3#1#2#3#1#2#3#1#2#3#,0,0,TRUE,11/26/23 1:59
490,12345,01#,,1#3#2#1#3#2#1#3#2#1#3#2#,0,0,TRUE,11/26/23 2:09
491,aaa,01#,,1#2#3#1#2#3#1#2#3#1#2#3#,0,0,TRUE,11/27/23 15:10
492,aaa,01#,,3#2#1#3#2#1#3#2#1#3#2#1#,0,1,TRUE,11/27/23 15:11
493,cy1,01#,,1#2#3#1#2#3#1#2#3#1#2#3#,0,0,TRUE,11/27/23 22:25
494,cy1,01#,,2#3#1#2#3#1#2#3#1#2#3#1#,0,2,TRUE,11/27/23 23:21
495,cy2,01#,,3#1#2#3#1#2#3#1#2#3#1#2#,0,1,TRUE,11/28/23 0:02
496,cy3,01#,,1#3#2#1#3#2#1#3#2#1#3#2#,0,1,TRUE,11/28/23 23:47
497,cy4,01#,,2#1#3#2#1#3#2#1#3#2#1#3#,0,1,TRUE,11/29/23 0:13
498,cy4,01#,,3#2#1#3#2#1#3#2#1#3#2#1#,0,1,TRUE,11/29/23 0:26
499,cy4,01#,,1#2#3#1#2#3#1#2#3#1#2#3#,0,1,TRUE,11/29/23 0:36
500,cy4,01#,,2#3#1#2#3#1#2#3#1#2#3#1#,0,0,TRUE,11/29/23 0:46
501,cy5,01#,,3#1#2#3#1#2#3#1#2#3#1#2#,0,1,TRUE,11/29/23 0:53
502,cy5,01#,,1#3#2#1#3#2#1#3#2#1#3#2#,0,1,TRUE,11/29/23 1:00
503,cy6,01#,,2#1#3#2#1#3#2#1#3#2#1#3#,0,0,TRUE,11/29/23 1:06
504,,01#,,1#2#3#1#2#3#1#2#3#1#2#3#,0,0,TRUE,11/29/23 1:16
505,,01#,,1#2#3#1#2#3#1#2#3#1#2#3#,0,0,TRUE,11/29/23 1:16
506,cy6,01#,,2#3#1#2#3#1#2#3#1#2#3#1#,0,0,TRUE,11/29/23 1:28
507,cy6,1#,,1#2#3#1#2#3#1#2#3#1#2#3#,0,0,TRUE,11/29/23 1:41
508,cy6,1#,,1#2#3#1#2#3#1#2#3#1#2#3#,0,0,TRUE,11/29/23 1:46
509,cy6,1#,,1#2#3#1#2#3#1#2#3#1#2#3#,0,0,TRUE,11/29/23 1:52
510,cy6,01#,,3#2#1#3#2#1#3#2#1#3#2#1#,0,0,TRUE,11/29/23 1:54
511,cy6,1#,,1#2#3#1#2#3#1#2#3#1#2#3#,0,0,TRUE,11/29/23 1:58
512,cy6,1#,,1#2#3#1#2#3#1#2#3#1#2#3#,0,0,TRUE,11/29/23 10:30
513,cy6,1#,,1#2#3#1#2#3#1#2#3#1#2#3#,0,0,TRUE,11/29/23 10:33
514,cy6,1#,,1#2#3#1#2#3#1#2#3#1#2#3#,0,0,TRUE,11/29/23 10:35
515,cy6,1#,,1#2#3#1#2#3#1#2#3#1#2#3#,0,0,TRUE,11/29/23 10:36
516,cy6,1#,,1#2#3#1#2#3#1#2#3#1#2#3#,0,0,TRUE,11/29/23 10:40
517,cy6,1#,,1#2#3#1#2#3#1#2#3#1#2#3#,0,0,TRUE,11/29/23 10:42
518,cy6,1#,,1#2#3#1#2#3#1#2#3#1#2#3#,0,0,TRUE,11/29/23 10:45
519,cy11,1#,,1#2#3#1#2#3#1#2#3#1#2#3#,0,0,TRUE,12/4/23 22:58
520,cy11,1#,,1#2#3#1#2#3#1#2#3#1#2#3#,0,0,TRUE,12/4/23 23:00
521,cy11,1#,,1#2#3#1#2#3#1#2#3#1#2#3#,0,0,TRUE,12/4/23 23:01
522,cy11,1#,,1#2#3#1#2#3#1#2#3#1#2#3#,0,0,TRUE,12/4/23 23:05
523,cy11,1#,,1#2#3#1#2#3#1#2#3#1#2#3#,0,0,TRUE,12/4/23 23:06
524,cy11,1#,,1#2#3#1#2#3#1#2#3#1#2#3#,0,0,TRUE,12/4/23 23:07
525,cy11,1#,,1#2#3#1#2#3#1#2#3#1#2#3#,0,0,TRUE,12/4/23 23:10
526,cy11,1#,,1#2#3#1#2#3#1#2#3#1#2#3#,0,0,TRUE,12/4/23 23:49
527,cy11,01#,,2#1#3#2#1#3#2#1#3#2#1#3#,0,0,TRUE,12/4/23 23:51
528,cy11,01#,,3#2#1#3#2#1#3#2#1#3#2#1#,0,0,TRUE,12/4/23 23:54
529,cy11,1#,,1#2#3#1#2#3#1#2#3#1#2#3#,0,0,TRUE,12/5/23 0:01
530,cy11,1#,,1#2#3#1#2#3#1#2#3#1#2#3#,0,0,TRUE,12/5/23 0:04
531,cy11,01#,,3#1#2#3#1#2#3#1#2#3#1#2#,0,0,TRUE,12/5/23 0:04
532,cy11,1#,,1#2#3#1#2#3#1#2#3#1#2#3#,0,0,TRUE,12/5/23 0:07
533,cy11,1#,,1#2#3#1#2#3#1#2#3#1#2#3#,0,0,TRUE,12/5/23 0:07
534,cy11,01#,,3#2#1#3#2#1#3#2#1#3#2#1#,0,0,TRUE,12/5/23 0:09
535,cy11,01#,,1#2#3#1#2#3#1#2#3#1#2#3#,0,0,TRUE,12/5/23 0:16
536,cy11,01#,,2#3#1#2#3#1#2#3#1#2#3#1#,0,1,TRUE,12/5/23 0:20
537,cy22,01#,,3#1#2#3#1#2#3#1#2#3#1#2#,0,1,TRUE,12/5/23 17:05
538,cy22,01#,,1#3#2#1#3#2#1#3#2#1#3#2#,0,0,TRUE,12/5/23 17:28
539,cy33,01#,,2#1#3#2#1#3#2#1#3#2#1#3#,0,1,TRUE,12/5/23 17:32
540,cy33,01#,,3#2#1#3#2#1#3#2#1#3#2#1#,0,0,TRUE,12/5/23 17:40
541,cy33,1#,,1#2#3#1#2#3#1#2#3#1#2#3#,0,0,TRUE,12/5/23 17:42
542,cy33,01#,,2#1#2#1#2#1#2#1#,0,3,TRUE,12/5/23 17:46
543,cy33,01#,,1#2#1#2#1#2#1#2#,0,1,TRUE,12/5/23 17:49
544,cy33,01#,,2#1#2#1#2#1#2#1#,0,1,TRUE,12/5/23 17:55
545,cy33,01#,,1#2#1#2#1#2#1#2#,0,1,TRUE,12/5/23 18:26
546,cy33,01#,,2#1#2#1#2#1#2#1#,0,1,TRUE,12/5/23 18:34
547,cy33,01#,,1#2#1#2#1#2#1#2#,0,1,TRUE,12/5/23 18:40
548,cy33,01#,,2#1#2#1#2#1#2#1#,0,1,TRUE,12/5/23 18:45
549,cy33,01#,,1#2#1#2#1#2#1#2#,0,1,TRUE,12/5/23 19:45
550,cy44,01#,,2#1#2#1#2#1#2#1#,0,1,TRUE,12/5/23 20:00
551,cy44,01#,,1#2#1#2#1#2#1#2#,0,1,TRUE,12/5/23 20:12
552,cy44,01#,,2#1#2#1#2#1#2#1#,0,1,TRUE,12/5/23 20:21
553,cy44,01#,,1#2#1#2#1#2#1#2#,0,1,TRUE,12/5/23 20:25
554,cy44,01#,,2#1#2#1#2#1#2#1#,0,1,TRUE,12/5/23 20:39
555,cy55,01#,,1#2#1#2#1#2#1#2#,0,1,TRUE,12/5/23 20:43
556,cy55,01#,,2#1#2#1#2#1#2#1#,0,1,TRUE,12/6/23 12:49
557,cy55,01#,,1#2#1#2#1#2#1#2#,0,1,TRUE,12/6/23 13:23
558,cy66,01#,,2#1#2#1#2#1#2#1#,0,2,TRUE,12/6/23 13:35
559,cy55,01#,,1#2#1#2#1#2#1#2#,0,1,TRUE,12/12/23 20:45
560,cy66,01#,,2#1#2#1#2#1#2#1#,0,1,TRUE,12/12/23 21:09
561,cy66,01#,,1#2#3#1#2#3#1#2#3#1#2#3#,0,3,TRUE,12/12/23 22:43
562,cy666,01#,,3#2#1#3#2#1#3#2#1#3#2#1#,0,1,TRUE,12/12/23 22:50
563,cy666,01#,,1#2#3#1#2#3#1#2#3#1#2#3#,0,3,TRUE,12/12/23 22:58
564,cy77,01#,,3#2#1#3#2#1#3#2#1#3#2#1#,0,1,TRUE,12/12/23 23:26
565,cy22,1#,,1#2#3#1#2#3#1#2#3#1#2#3#,0,0,TRUE,12/12/23 23:31
566,cy555,01#,,3#2#1#3#2#1#3#2#1#3#2#1#,0,1,TRUE,12/12/23 23:32
567,cy33,01#,,1#2#3#1#2#3#1#2#3#1#2#3#,0,3,TRUE,12/12/23 23:45
568,cy88,01#,,3#2#1#3#2#1#3#2#1#3#2#1#,0,1,TRUE,12/12/23 23:51
569,cy11,01#,,1#2#3#1#2#3#1#2#3#1#2#3#,0,3,TRUE,12/12/23 23:57
570,cy55,01#,,3#2#1#3#2#1#3#2#1#3#2#1#,0,1,TRUE,12/13/23 0:01
571,cy22,01#,,1#2#3#1#2#3#1#2#3#1#2#3#,0,3,TRUE,12/13/23 0:04
572,cy99,01#,,2#3#1#2#3#1#2#3#1#2#3#1#,0,2,TRUE,12/13/23 0:20
573,cy55,01#,,3#1#2#3#1#2#3#1#2#3#1#2#,0,2,TRUE,12/13/23 0:34
574,cy100,01#,,1#3#2#1#3#2#1#3#2#1#3#2#,0,2,TRUE,12/13/23 12:18
575,qwe,01#,,2#1#3#2#1#3#2#1#3#2#1#3#,0,1,TRUE,12/13/23 13:06
576,12345,1#,,1#2#3#1#2#3#1#2#3#1#2#3#,0,0,TRUE,2/3/25 17:19
577,12345,1#,,1#2#3#1#2#3#1#2#3#1#2#3#,0,0,TRUE,2/3/25 21:02
578,12345,1#,,1#2#3#1#2#3#1#2#3#1#2#3#,0,0,TRUE,2/4/25 13:13
579,12345,1#,,1#2#3#1#2#3#1#2#3#1#2#3#,0,0,TRUE,2/4/25 13:29
580,45678,1#,,1#2#3#1#2#3#1#2#3#1#2#3#,0,0,TRUE,2/4/25 19:41
581,123,1#,,1#2#3#1#2#3#1#2#3#1#2#3#,0,0,TRUE,2/4/25 19:46
582,12345,1#,,1#2#3#1#2#3#1#2#3#1#2#3#,0,0,TRUE,2/4/25 19:50
583,123,1#,,1#2#3#1#2#3#1#2#3#1#2#3#,0,0,TRUE,2/4/25 21:03
584,12345,,,,0,0,TRUE,2/26/25 23:47
585,12345,,,,0,0,TRUE,2/28/25 8:59
586,12345,,,,0,0,TRUE,3/3/25 0:21
587,12345,,,,0,0,TRUE,3/10/25 22:20
588,12345,01#,,3#2#1#3#2#1#3#2#1#3#2#1#,0,5,TRUE,3/10/25 22:21
589,12345,,,,0,0,TRUE,3/24/25 12:42
590,test,01#,,2#3#1#2#3#1#2#3#1#2#3#1#,0,5,TRUE,3/31/25 15:22
591,12345,,,,0,0,TRUE,4/2/25 16:08
592,12345,01#,,1#3#2#1#3#2#1#3#2#1#3#2#,0,0,TRUE,4/7/25 20:44
593,12345,01#,,2#1#3#2#1#3#2#1#3#2#1#3#,0,0,TRUE,4/16/25 15:01